{
    "Town10HD": {
        "min_x": -318.3769905055656,
        "min_y": -272.614841309421,
        "max_x": 313.72300949443445,
        "max_y": 344.985158690579
    },
    "A6": {
        "min_x": -298.9832437282275,
        "min_y": -293.5246758894662,
        "max_x": 323.31675627177253,
        "max_y": 306.8753241105338
    },
    "B3": {
        "min_x": -326.4681988611418,
        "min_y": -299.6329761857112,
        "max_x": 268.3318011388583,
        "max_y": 316.7670238142888
    }
}