{
    "Town10HD": {
        "min_x": -148.3769905055656,
        "min_y": -102.51484130942102,
        "max_x": 143.76831706926714,
        "max_y": 174.99927585859493
    },

    "Town01": {
        "min_x": -56.04441450371219,
        "min_y": -56.78284031267677,
        "max_x": 448.36119434934415,
        "max_y": 383.01770661815283
    },
    "Town02": {
        "min_x": -62.092028545412695,
        "min_y": 50.85359435792171,
        "max_x": 247.78066829272052,
        "max_y": 361.36495281613145
    },
    "Town03": {
        "min_x": -211.48461705351596,
        "min_y": -266.06215378997,
        "max_x": 303.2183004872797,
        "max_y": 264.27362216592076
    },
    "Town05": {
        "min_x": -328.28278458620287,
        "min_y": -263.1460903293523,
        "max_x": 266.33335977520034,
        "max_y": 264.3368168382119
    },
    "Town05_highway": {
        "min_x": -309.5703423502624,
        "min_y": -263.1028122207706,
        "max_x": 266.28203828076886,
        "max_y": 264.2358961542881
    },
    "Town07": {
        "min_x": -256.70296561437516,
        "min_y": -301.1463427391909,
        "max_x": 138.14863396921777,
        "max_y": 176.3775780402029
    },
    "Town06": {
        "min_x": -422.9285458348694,
        "min_y": -204.63467827832235,
        "max_x": 725.1248675621215,
        "max_y": 465.4594210482075
    },
    "Town04": {
        "min_x": -570.2072778387198,
        "min_y": -451.3564358905423,
        "max_x": 469.3755449009159,
        "max_y": 491.0173960748661
    },
    "A0": {
        "min_x": -387.23234462726833,
        "min_y": -408.7954219440323,
        "max_x": 406.0879674963316,
        "max_y": 316.3756351713724
    },
    "A1": {
        "min_x": -146.98050060935606,
        "min_y": -183.28997779435605,
        "max_x": 175.56705783615593,
        "max_y": 111.62453267250665
    },
    "A6": {
        "min_x": -148.98324372822748,
        "min_y": -143.5246758894662,
        "max_x": 173.32406488908265,
        "max_y": 156.92743936750185
    },
    "B3": {
        "min_x": -176.46819886114176,
        "min_y": -149.63297618571121,
        "max_x": 118.3668921800801,
        "max_y": 166.86518332253087
    },
    "B7": {
        "min_x": -225.12832625836202,
        "min_y": -157.3513367224533,
        "max_x": 192.0148373298368,
        "max_y": 174.9388555405332
    },
    "B8": {
        "min_x": -114.81674154600844,
        "min_y": -183.81709194518598,
        "max_x": 187.6599692107161,
        "max_y": 145.1069162291686
    }
}
