{
    "location": {
        "x": 108.71226501464844,
        "y": 65.11539459228516,
        "z": 0.0017169570783153176
    },
    "rotation": {
        "pitch": -0.0012840754352509975,
        "yaw": -92.88815307617188,
        "roll": -0.008270262740552425
    },
    "distance": 0.0,
    "acceleration": {
        "x": 0.8158689737319946,
        "y": 0.26877403259277344,
        "z": -0.07098063826560974
    },
    "velocity": {
        "x": -0.20009641349315643,
        "y": -4.977358818054199,
        "z": -0.003850974841043353
    },
    "speed": 4.9813807532010586,
    "angular_velocity": {
        "x": 0.06049559637904167,
        "y": -0.08716825395822525,
        "z": 2.069671869277954
    },
    "control": {
        "throttle": 0.052397750318050385,
        "steer": 0.02221810631453991,
        "brake": 0.0,
        "hand_brake": false,
        "reverse": false,
        "manual_gear_shift": false,
        "gear": 1
    },
    "compass": 357.11182354623776,
    "cord_bounding_box": {
        "cord_0": [
            107.75115966796875,
            67.53356170654297,
            -0.006355760153383017
        ],
        "cord_1": [
            107.75094604492188,
            67.53353881835938,
            1.4813042879104614
        ],
        "cord_2": [
            109.911865234375,
            67.42455291748047,
            -0.006043481174856424
        ],
        "cord_3": [
            109.91165161132812,
            67.42453002929688,
            1.4816166162490845
        ],
        "cord_4": [
            107.50971984863281,
            62.74787139892578,
            -0.006463150959461927
        ],
        "cord_5": [
            107.50950622558594,
            62.74784851074219,
            1.4811968803405762
        ],
        "cord_6": [
            109.67042541503906,
            62.63886260986328,
            -0.0061508710496127605
        ],
        "cord_7": [
            109.67020416259766,
            62.63883972167969,
            1.4815092086791992
        ]
    },
    "type": "vehicle"
}