{
    "0": {
        "cord_bounding_box": {
            "cord_0": [
                446.7484130859375,
                262.53289794921875,
                0.0933082103729248
            ],
            "cord_1": [
                446.7484130859375,
                262.53289794921875,
                1.9712440967559814
            ],
            "cord_2": [
                448.65362548828125,
                262.53289794921875,
                0.0933082103729248
            ],
            "cord_3": [
                448.65362548828125,
                262.53289794921875,
                1.9712440967559814
            ],
            "cord_4": [
                446.7484130859375,
                258.66668701171875,
                0.0933082103729248
            ],
            "cord_5": [
                446.7484130859375,
                258.66668701171875,
                1.9712440967559814
            ],
            "cord_6": [
                448.65362548828125,
                258.66668701171875,
                0.0933082103729248
            ],
            "cord_7": [
                448.65362548828125,
                258.66668701171875,
                1.9712440967559814
            ]
        },
        "type": "Car"
    },
    "1": {
        "cord_bounding_box": {
            "cord_0": [
                414.8403625488281,
                304.8343505859375,
                0.10770082473754883
            ],
            "cord_1": [
                414.8403625488281,
                304.8343505859375,
                1.9625475406646729
            ],
            "cord_2": [
                414.8403625488281,
                306.76593017578125,
                0.10770082473754883
            ],
            "cord_3": [
                414.8403625488281,
                306.76593017578125,
                1.9625475406646729
            ],
            "cord_4": [
                419.4448547363281,
                304.8343505859375,
                0.10770082473754883
            ],
            "cord_5": [
                419.4448547363281,
                304.8343505859375,
                1.9625475406646729
            ],
            "cord_6": [
                419.4448547363281,
                306.76593017578125,
                0.10770082473754883
            ],
            "cord_7": [
                419.4448547363281,
                306.76593017578125,
                1.9625475406646729
            ]
        },
        "type": "Car"
    },
    "num_of_id": 2
}