{
    "0": {
        "cord_bounding_box": {
            "cord_0": [
                -135.42837524414062,
                -151.28903198242188,
                0.14466875791549683
            ],
            "cord_1": [
                -135.42837524414062,
                -151.28903198242188,
                1.5252504348754883
            ],
            "cord_2": [
                -133.43426513671875,
                -151.28903198242188,
                0.14466875791549683
            ],
            "cord_3": [
                -133.43426513671875,
                -151.28903198242188,
                1.5252504348754883
            ],
            "cord_4": [
                -135.42837524414062,
                -155.47024536132812,
                0.14466875791549683
            ],
            "cord_5": [
                -135.42837524414062,
                -155.47024536132812,
                1.5252504348754883
            ],
            "cord_6": [
                -133.43426513671875,
                -155.47024536132812,
                0.14466875791549683
            ],
            "cord_7": [
                -133.43426513671875,
                -155.47024536132812,
                1.5252504348754883
            ]
        },
        "type": "Car"
    },
    "1": {
        "cord_bounding_box": {
            "cord_0": [
                -68.90694427490234,
                -72.10350036621094,
                -0.06853270530700684
            ],
            "cord_1": [
                -68.90694427490234,
                -72.10350036621094,
                1.598743200302124
            ],
            "cord_2": [
                -71.1486587524414,
                -72.10350036621094,
                -0.06853270530700684
            ],
            "cord_3": [
                -71.1486587524414,
                -72.10350036621094,
                1.598743200302124
            ],
            "cord_4": [
                -68.9069595336914,
                -67.49249267578125,
                -0.06853270530700684
            ],
            "cord_5": [
                -68.9069595336914,
                -67.49249267578125,
                1.598743200302124
            ],
            "cord_6": [
                -71.14867401123047,
                -67.49249267578125,
                -0.06853270530700684
            ],
            "cord_7": [
                -71.14867401123047,
                -67.49249267578125,
                1.598743200302124
            ]
        },
        "type": "Car"
    },
    "2": {
        "cord_bounding_box": {
            "cord_0": [
                -168.36865234375,
                -151.2230224609375,
                0.0933152437210083
            ],
            "cord_1": [
                -168.36865234375,
                -151.2230224609375,
                1.7104249000549316
            ],
            "cord_2": [
                -166.51780700683594,
                -151.22303771972656,
                0.0933152437210083
            ],
            "cord_3": [
                -166.51780700683594,
                -151.22303771972656,
                1.7104249000549316
            ],
            "cord_4": [
                -168.36866760253906,
                -155.21070861816406,
                0.0933152437210083
            ],
            "cord_5": [
                -168.36866760253906,
                -155.21070861816406,
                1.7104249000549316
            ],
            "cord_6": [
                -166.517822265625,
                -155.21072387695312,
                0.0933152437210083
            ],
            "cord_7": [
                -166.517822265625,
                -155.21072387695312,
                1.7104249000549316
            ]
        },
        "type": "Car"
    },
    "3": {
        "cord_bounding_box": {
            "cord_0": [
                -49.48665237426758,
                -7.714079856872559,
                0.1598796248435974
            ],
            "cord_1": [
                -49.402496337890625,
                -7.536996841430664,
                2.027552604675293
            ],
            "cord_2": [
                -50.78128433227539,
                -9.09890365600586,
                0.34951746463775635
            ],
            "cord_3": [
                -50.69712829589844,
                -8.921820640563965,
                2.2171902656555176
            ],
            "cord_4": [
                -52.31781005859375,
                -5.083989143371582,
                0.03807938098907471
            ],
            "cord_5": [
                -52.2336540222168,
                -4.9069061279296875,
                1.9057523012161255
            ],
            "cord_6": [
                -53.61244201660156,
                -6.468812942504883,
                0.22771722078323364
            ],
            "cord_7": [
                -53.52828598022461,
                -6.291729927062988,
                2.0953900814056396
            ]
        },
        "type": "Car"
    },
    "4": {
        "cord_bounding_box": {
            "cord_0": [
                -184.14218139648438,
                -148.87767028808594,
                0.08870983123779297
            ],
            "cord_1": [
                -184.14218139648438,
                -148.87767028808594,
                1.9666457176208496
            ],
            "cord_2": [
                -182.50462341308594,
                -149.85140991210938,
                0.08870983123779297
            ],
            "cord_3": [
                -182.50462341308594,
                -149.85140991210938,
                1.9666457176208496
            ],
            "cord_4": [
                -186.1182098388672,
                -152.20077514648438,
                0.08870983123779297
            ],
            "cord_5": [
                -186.1182098388672,
                -152.20077514648438,
                1.9666457176208496
            ],
            "cord_6": [
                -184.48065185546875,
                -153.1745147705078,
                0.08870983123779297
            ],
            "cord_7": [
                -184.48065185546875,
                -153.1745147705078,
                1.9666457176208496
            ]
        },
        "type": "Car"
    },
    "5": {
        "cord_bounding_box": {
            "cord_0": [
                -46.77439498901367,
                -67.94992065429688,
                -0.006691098213195801
            ],
            "cord_1": [
                -46.77439498901367,
                -67.94992065429688,
                1.8712447881698608
            ],
            "cord_2": [
                -44.869197845458984,
                -67.9499282836914,
                -0.006691098213195801
            ],
            "cord_3": [
                -44.869197845458984,
                -67.9499282836914,
                1.8712447881698608
            ],
            "cord_4": [
                -46.7744026184082,
                -71.8161392211914,
                -0.006691098213195801
            ],
            "cord_5": [
                -46.7744026184082,
                -71.8161392211914,
                1.8712447881698608
            ],
            "cord_6": [
                -44.869205474853516,
                -71.81614685058594,
                -0.006691098213195801
            ],
            "cord_7": [
                -44.869205474853516,
                -71.81614685058594,
                1.8712447881698608
            ]
        },
        "type": "Car"
    },
    "6": {
        "cord_bounding_box": {
            "cord_0": [
                -55.09261703491211,
                -85.40351867675781,
                0.007700800895690918
            ],
            "cord_1": [
                -55.09261703491211,
                -85.40351867675781,
                1.862547516822815
            ],