{
    "0": {
        "cord_bounding_box": {
            "cord_0": [
                318.0729675292969,
                74.6509780883789,
                0.2547144889831543
            ],
            "cord_1": [
                318.0729675292969,
                74.6509780883789,
                1.635296106338501
            ],
            "cord_2": [
                320.06707763671875,
                74.65097045898438,
                0.2547144889831543
            ],
            "cord_3": [
                320.06707763671875,
                74.65097045898438,
                1.635296106338501
            ],
            "cord_4": [
                318.07293701171875,
                70.46977233886719,
                0.2547144889831543
            ],
            "cord_5": [
                318.07293701171875,
                70.46977233886719,
                1.635296106338501
            ],
            "cord_6": [
                320.0670471191406,
                70.46976470947266,
                0.2547144889831543
            ],
            "cord_7": [
                320.0670471191406,
                70.46976470947266,
                1.635296106338501
            ]
        },
        "type": "Car"
    },
    "1": {
        "cord_bounding_box": {
            "cord_0": [
                137.635009765625,
                43.98433303833008,
                0.18207550048828125
            ],
            "cord_1": [
                137.635009765625,
                43.98433303833008,
                1.5968215465545654
            ],
            "cord_2": [
                135.604248046875,
                43.884578704833984,
                0.18207550048828125
            ],
            "cord_3": [
                135.604248046875,
                43.884578704833984,
                1.5968215465545654
            ],
            "cord_4": [
                137.37216186523438,
                49.33536148071289,
                0.18207550048828125
            ],
            "cord_5": [
                137.37216186523438,
                49.33536148071289,
                1.5968215465545654
            ],
            "cord_6": [
                135.34140014648438,
                49.2356071472168,
                0.18207550048828125
            ],
            "cord_7": [
                135.34140014648438,
                49.2356071472168,
                1.5968215465545654
            ]
        },
        "type": "Car"
    },
    "2": {
        "cord_bounding_box": {
            "cord_0": [
                243.7751922607422,
                74.79869842529297,
                0.21207553148269653
            ],
            "cord_1": [
                243.7751922607422,
                74.79869842529297,
                1.626821517944336
            ],
            "cord_2": [
                245.8083953857422,
                74.79869842529297,
                0.21207553148269653
            ],
            "cord_3": [
                245.8083953857422,
                74.79869842529297,
                1.626821517944336
            ],
            "cord_4": [
                243.7751922607422,
                69.44121551513672,
                0.21207553148269653
            ],
            "cord_5": [
                243.7751922607422,
                69.44121551513672,
                1.626821517944336
            ],
            "cord_6": [
                245.8083953857422,
                69.44121551513672,
                0.21207553148269653
            ],
            "cord_7": [
                245.8083953857422,
                69.44121551513672,
                1.626821517944336
            ]
        },
        "type": "Car"
    },
    "3": {
        "cord_bounding_box": {
            "cord_0": [
                10.964286804199219,
                96.20555877685547,
                0.08207553625106812
            ],
            "cord_1": [
                10.964286804199219,
                96.20555877685547,
                1.496821641921997
            ],
            "cord_2": [
                9.657368659973145,
                94.64803314208984,
                0.08207553625106812
            ],
            "cord_3": [
                9.657368659973145,
                94.64803314208984,
                1.496821641921997
            ],
            "cord_4": [
                6.860220909118652,
                99.64928436279297,
                0.08207553625106812
            ],
            "cord_5": [
                6.860220909118652,
                99.64928436279297,
                1.496821641921997
            ],
            "cord_6": [
                5.553302764892578,
                98.09175872802734,
                0.08207553625106812
            ],
            "cord_7": [
                5.553302764892578,
                98.09175872802734,
                1.496821641921997
            ]
        },
        "type": "Car"
    },
    "4": {
        "cord_bounding_box": {
            "cord_0": [
                50.32710266113281,
                16.548437118530273,
                0.33330821990966797
            ],
            "cord_1": [
                50.32710266113281,
                16.548437118530273,
                2.2112441062927246
            ],
            "cord_2": [
                50.32710266113281,
                18.45363426208496,
                0.33330821990966797
            ],
            "cord_3": [
                50.32710266113281,
                18.45363426208496,
                2.2112441062927246
            ],
            "cord_4": [
                54.193321228027344,
                16.548437118530273,
                0.33330821990966797
            ],
            "cord_5": [
                54.193321228027344,
                16.548437118530273,
                2.2112441062927246
            ],
            "cord_6": [
                54.193321228027344,
                18.45363426208496,
                0.33330821990966797
            ],
            "cord_7": [
                54.193321228027344,
                18.45363426208496,
                2.2112441062927246
            ]
        },
        "type": "Car"
    },
    "5": {
        "cord_bounding_box": {
            "cord_0": [
                106.25013732910156,
                72.66291046142578,
                0.32072770595550537
            ],
            "cord_1": [
                106.25013732910156,
                72.66291046142578,
                2.1986637115478516
            ],
            "cord_2": [
                107.81078338623047,
                73.75568389892578,
                0.32072770595550537
            ],
            "cord_3": [
                107.81078338623047,
                73.75568389892578,
                2.1986637115478516
            ],
            "cord_4": [
                108.46770477294922,
                69.49588775634766,
                0.32072770595550537
            ],
            "cord_5": [
                108.46770477294922,
                69.49588775634766,
                2.1986637115478516
            ],
            "cord_6": [
                110.02835083007812,
                70.58866119384766,
                0.32072770595550537
            ],
            "cord_7": [
                110.02835083007812,
                70.58866119384766,
                2.1986637115478516
            ]
        },
        "type": "Car"
    },
    "6": {
        "cord_bounding_box": {
            "cord_0": [
                113.39570617675781,
                14.372811317443848,
                0.3204226493835449
            ],
            "cord_1": [
                113.39570617675781,
                14.372811317443848,
                1.821887493133545
            ],
            "cord_2": [
                115.23860168457031,
                14.282295227050781,
                0.3204226493835449
            ],