{
    "0": {
        "cord_bounding_box": {
            "cord_0": [
                215.7484893798828,
                118.62260437011719,
                0.3411208987236023
            ],
            "cord_1": [
                215.7484893798828,
                118.62260437011719,
                1.5592868328094482
            ],
            "cord_2": [
                214.82199096679688,
                120.22737884521484,
                0.3411208987236023
            ],
            "cord_3": [
                214.82199096679688,
                120.22737884521484,
                1.5592868328094482
            ],
            "cord_4": [
                219.67678833007812,
                120.89057159423828,
                0.3411208987236023
            ],
            "cord_5": [
                219.67678833007812,
                120.89057159423828,
                1.5592868328094482
            ],
            "cord_6": [
                218.7502899169922,
                122.49534606933594,
                0.3411208987236023
            ],
            "cord_7": [
                218.7502899169922,
                122.49534606933594,
                1.5592868328094482
            ]
        },
        "type": "Car"
    },
    "1": {
        "cord_bounding_box": {
            "cord_0": [
                173.45301818847656,
                227.24432373046875,
                0.2892454266548157
            ],
            "cord_1": [
                173.45301818847656,
                227.24432373046875,
                1.8363325595855713
            ],
            "cord_2": [
                173.4530029296875,
                225.4556427001953,
                0.2892454266548157
            ],
            "cord_3": [
                173.4530029296875,
                225.4556427001953,
                1.8363325595855713
            ],
            "cord_4": [
                169.74765014648438,
                227.2443389892578,
                0.2892454266548157
            ],
            "cord_5": [
                169.74765014648438,
                227.2443389892578,
                1.8363325595855713
            ],
            "cord_6": [
                169.7476348876953,
                225.45565795898438,
                0.2892454266548157
            ],
            "cord_7": [
                169.7476348876953,
                225.45565795898438,
                1.8363325595855713
            ]
        },
        "type": "Car"
    },
    "2": {
        "cord_bounding_box": {
            "cord_0": [
                156.619140625,
                228.04013061523438,
                0.28406524658203125
            ],
            "cord_1": [
                156.619140625,
                228.04013061523438,
                1.951341152191162
            ],
            "cord_2": [
                158.86085510253906,
                228.0401153564453,
                0.28406524658203125
            ],
            "cord_3": [
                158.86085510253906,
                228.0401153564453,
                1.951341152191162
            ],
            "cord_4": [
                156.61912536621094,
                223.4291229248047,
                0.28406524658203125
            ],
            "cord_5": [
                156.61912536621094,
                223.4291229248047,
                1.951341152191162
            ],
            "cord_6": [
                158.86083984375,
                223.42910766601562,
                0.28406524658203125
            ],
            "cord_7": [
                158.86083984375,
                223.42910766601562,
                1.951341152191162
            ]
        },
        "type": "Car"
    },
    "3": {
        "cord_bounding_box": {
            "cord_0": [
                153.36961364746094,
                285.166748046875,
                0.28406524658203125
            ],
            "cord_1": [
                153.36961364746094,
                285.166748046875,
                1.951341152191162
            ],
            "cord_2": [
                151.16195678710938,
                284.7774658203125,
                0.28406524658203125
            ],
            "cord_3": [
                151.16195678710938,
                284.7774658203125,
                1.951341152191162
            ],
            "cord_4": [
                152.56893920898438,
                289.70770263671875,
                0.28406524658203125
            ],
            "cord_5": [
                152.56893920898438,
                289.70770263671875,
                1.951341152191162
            ],
            "cord_6": [
                150.3612823486328,
                289.31842041015625,
                0.28406524658203125
            ],
            "cord_7": [
                150.3612823486328,
                289.31842041015625,
                1.951341152191162
            ]
        },
        "type": "Car"
    },
    "4": {
        "cord_bounding_box": {
            "cord_0": [
                159.12953186035156,
                226.22837829589844,
                0.32443660497665405
            ],
            "cord_1": [
                159.12953186035156,
                226.22837829589844,
                1.7031834125518799
            ],
            "cord_2": [
                160.61045837402344,
                226.22837829589844,
                0.32443660497665405
            ],
            "cord_3": [
                160.61045837402344,
                226.22837829589844,
                1.7031834125518799
            ],
            "cord_4": [
                159.12953186035156,
                224.0210723876953,
                0.32443660497665405
            ],
            "cord_5": [
                159.12953186035156,
                224.0210723876953,
                1.7031834125518799
            ],
            "cord_6": [
                160.61045837402344,
                224.0210723876953,
                0.32443660497665405
            ],
            "cord_7": [
                160.61045837402344,
                224.0210723876953,
                1.7031834125518799
            ]
        },
        "type": "Car"
    },
    "5": {
        "cord_bounding_box": {
            "cord_0": [
                170.81068420410156,
                229.1886749267578,
                0.28373289108276367
            ],
            "cord_1": [
                170.81068420410156,
                229.1886749267578,
                1.6984789371490479
            ],
            "cord_2": [
                172.84388732910156,
                229.1886749267578,
                0.28373289108276367
            ],
            "cord_3": [
                172.84388732910156,
                229.1886749267578,
                1.6984789371490479
            ],
            "cord_4": [
                170.81068420410156,
                223.83119201660156,
                0.28373289108276367
            ],
            "cord_5": [
                170.81068420410156,
                223.83119201660156,
                1.6984789371490479
            ],
            "cord_6": [
                172.84388732910156,
                223.83119201660156,
                0.28373289108276367
            ],
            "cord_7": [
                172.84388732910156,
                223.83119201660156,
                1.6984789371490479
            ]
        },
        "type": "Car"
    },
    "6": {
        "cord_bounding_box": {
            "cord_0": [
                161.07843017578125,
                227.92288208007812,
                0.2840651273727417
            ],
            "cord_1": [
                161.07843017578125,
                227.92288208007812,
                2.162001132965088
            ],
            "cord_2": [
                162.98362731933594,
                227.92288208007812,
                0.2840651273727417
            ],