{
    "Town10HD": {
        "min_x": -318.3769905055656,
        "min_y": -272.614841309421,
        "max_x": 313.72300949443445,
        "max_y": 344.985158690579
    },
    "Town01": {
        "min_x": -204.1444145037122,
        "min_y": -204.28284031267677,
        "max_x": 598.3555854962879,
        "max_y": 533.0171596873232
    },
    "Town05": {
        "min_x": -478.28278458620287,
        "min_y": -413.1460903293523,
        "max_x": 384.71721541379713,
        "max_y": 414.25390967064766
    },
    "Town02": {
        "min_x": -209.6920285454127,
        "min_y": -96.74640564207829,
        "max_x": 396.00797145458733,
        "max_y": 508.75359435792166
    },
    "B3": {
        "min_x": -326.4681988611418,
        "min_y": -299.6329761857112,
        "max_x": 268.3318011388583,
        "max_y": 316.7670238142888
    },
    "A1": {
        "min_x": -316.98050060935606,
        "min_y": -353.28997779435605,
        "max_x": 345.51949939064394,
        "max_y": 281.51002220564396
    },
    "Town03": {
        "min_x": -362.184617053516,
        "min_y": -416.46215378997,
        "max_x": 453.21538294648406,
        "max_y": 414.23784621003
    },
    "Town07": {
        "min_x": -406.70296561437516,
        "min_y": -451.24634273919094,
        "max_x": 288.09703438562485,
        "max_y": 326.3536572608091
    },
    "Town06": {
        "min_x": -572.9285458348694,
        "min_y": -354.6346782783223,
        "max_x": 875.0714541651306,
        "max_y": 615.3653217216777
    },
    "A6": {
        "min_x": -298.9832437282275,
        "min_y": -293.5246758894662,
        "max_x": 323.31675627177253,
        "max_y": 306.8753241105338
    },
    "B8": {
        "min_x": -264.8167415460084,
        "min_y": -333.817091945186,
        "max_x": 337.58325845399156,
        "max_y": 295.08290805481397
    },
    "B7": {
        "min_x": -375.128326258362,
        "min_y": -307.3513367224533,
        "max_x": 341.971673741638,
        "max_y": 324.8486632775467
    }
}